name,price,b2bPrice,stock,description,category,barcode,imageUrl
Absenta Fleur De Lis,154600,125001,98,Absenta Fleur De Lis,Absenta,8413425005109,products/images/8413425005109.webp
Absolut Original x 700 ml,113000,98624,0,Absolut Original x 700 ml,Vodka,,products/images/7312040017683.webp
Aguardiente Amarillo De Manzanares X 375 Ml,35000,34375,100,Aguardiente Amarillo De Manzanares X 375 Ml,Aguardiente,7702168594300,products/images/7702168594300.webp
Aguardiente Amarillo De Manzanares X 750 Ml,65000,59225,89,Aguardiente Amarillo De Manzanares X 750 Ml,Aguardiente,7702168278477,products/images/7702168278477.webp
Aguardiente Antioqueño Azul 375 Ml Sin Azucar,36000,33875,100,Aguardiente Antioqueño Azul 375 Ml Sin Azucar,Aguardiente,7702049000548,products/images/7702049000548.webp
Aguardiente Antioqueño Verde X 700 Ml,53000,53668,100,Aguardiente Antioqueño Verde X 700 Ml,Aguardiente,7702049001644,products/images/7702049001644.webp
Aguardiente Antioqueño Verd X 375 Ml Sin Azucar,29000,28250,100,Aguardiente Antioqueño Verd X 375 Ml Sin Azucar,Aguardiente,7702049001637,products/images/7702049001637.webp
Aguardiente Antioqueño X 750 Ml Sin Azucar,60000,61375,100,Aguardiente Antioqueño X 750 Ml Sin Azucar,Aguardiente,7702049000531,products/images/7702049000531.webp
Aguardiente Cumbé X 700 Ml,89000,89000,100,Aguardiente Cumbé X 700 Ml,Aguardiente,816136023819,products/images/816136023819.webp
Aguardiente Real Amarillo Antioqueño,59000,60938,100,Aguardiente Real Amarillo Antioqueño,Aguardiente,7702049002177,products/images/7702049002177.webp
Aguardiente Sello Blanco Rosado,45000,45000,100,Aguardiente Sello Blanco Rosado,Aguardiente,7707113804664,products/images/7707113804664.webp
Agua Tonica Canada Dry X 300 Ml,3300,3300,98,Agua Tonica Canada Dry X 300 Ml,Agua Tonica,7702090060379,products/images/7702090060379.webp
Agua Tonica Mil 976 Artesanal Pink X 4,35700,35700,100,Agua Tonica Mil 976 Artesanal Pink X 4,Agua Tonica,7703562109107,products/images/7703562109107.webp
Agua Tonica Mil 976 X 4 Cero Calorias,25600,25600,100,Agua Tonica Mil 976 X 4 Cero Calorias,Agua Tonica,7703562107721,products/images/7703562107721.webp
Agua Tonica Mil 976 X 4 Ocean,35700,35700,100,Agua Tonica Mil 976 X 4 Ocean,Agua Tonica,7703562107844,products/images/7703562107844.webp
Aguila Light Six Pac,25000,25000,100,Aguila Light Six Pac,Cerveza,7702004001962,products/images/7702004001962.webp
Aguila Six Pac,22000,22000,93,Aguila Six Pac,Cerveza,7702004001924,products/images/7702004001924.webp
Aguila Sixpac + Arroz Roa gratis,22000,22000,97,Combo Cerveza Águila Six lleva gratis Arroz Roa x 500 gr,Combo,,https://cdn.expressapp.net/p/aguila-arroz.webp
Andina X 269 Sixpac,18000,18000,97,Andina X 269 Sixpac,Cerveza,7702090050578,products/images/7702090050578.webp
Aroz Roa x 500 gr,2050,1800,99,"Roa el señor arroz de las señoras. 100% arroz blanco selecionado, vitamina A y ácido fólico",Dispensa,7702552000097,products/images/7702552000097.webp
Axis Triple Sec x 700 ml,66000,59695,10,Axis Triple Sec x 700 mlAxis Triple Sec x 700 ml,Licores,,products/images/7707113805302.webp
Baileys x 1000 ml,135000,123583,10,Baileys x 1000 ml,Crema de Whiskey,,products/images/5011013100118.webp
Ballantines X 375 Ml,49000,43770,100,Ballantines X 375 Ml,Whiskey,5010106112250,products/images/5010106112250.webp
Ballantines X 700 Ml,84000,78540,100,Ballantines X 700 Ml,Whiskey,5010106113073,products/images/5010106113073.webp
Beefeater x 700 ml,177000,168750,5,Ginebra Beefeater 700 ml. Clásico sabor seco con notas cítricas y de enebro. Ideal para cocteles como el gin & tonic,Ginebra,,products/images/5000329002193.webp
Black And White X 375 Ml,50000,46250,100,Black And White X 375 Ml,Whiskey,50196166,products/images/50196166.webp
Black And White X 700 Ml,92000,87303,100,Black And White X 700 Ml,Whiskey,50196135,products/images/50196135.webp
Brandy Domeco X 750 Ml,73700,68250,100,Brandy Domeco X 750 Ml,Brandy,7702450011010,products/images/7702450011010.webp
Brandy Grajales X 750 Ml,66900,66105,100,Brandy Grajales X 750 Ml,Brandy,7702121245072,products/images/7702121245072.webp
Bruder Barley Wine,15000,15000,100,Bruder Barley Wine,Cerveza Artesanal,7709685453601,products/images/7709685453601.webp
Bruder Cafe,13000,13000,100,Bruder Cafe,Cerveza Artesanal,7709339583651,products/images/7709339583651.webp
Bruder Chocolate,13000,13000,98,Bruder Chocolate,Cerveza Artesanal,7709685453608,products/images/7709685453608.webp
Bruder Imperial,15000,15000,100,Bruder Imperial,Cerveza Artesanal,7709685453691,products/images/7709685453691.webp
Bruder Ipa,13000,13000,100,Bruder Ipa,Cerveza Artesanal,7709226147867,products/images/7709226147867.webp
Bruder Lulo,13000,13000,100,Bruder Lulo,Cerveza Artesanal,7709226147868,products/images/7709226147868.webp
Bruder Maracuya,13000,13000,100,Bruder Maracuya,Cerveza Artesanal,7709685453677,products/images/7709685453677.webp
Bruder Roja,13000,13000,100,Bruder Roja,Cerveza Artesanal,7709685453615,products/images/7709685453615.webp
Bruder Rubia,13000,13000,99,Bruder Rubia,Cerveza Artesanal,7709685453660,products/images/7709685453660.webp
Buchanans 12 Años X 1000 Ml,240000,228750,100,Buchanans 12 Años X 1000 Ml,Whiskey,50196364,products/images/50196364.webp
Buchanans 12 Anos X 375 Ml,109000,100545,100,Buchanans 12 Anos X 375 Ml,Whiskey,50196395,products/images/50196395.webp
Buchanans 12 Años X 700 Ml,185000,171958,100,Buchanans 12 Años X 700 Ml,Whiskey,50196388,products/images/50196388.webp
Buchanans 18 Años X 700 Ml,470000,448449,100,Buchanans 18 Años X 700 Ml,Whiskey,50196913,products/images/50196913.webp
Buchanans Master X 1000 Ml,315000,291251,100,Buchanans Master X 1000 Ml,Whiskey,5000196004023,products/images/5000196004023.webp
Buchanans Master X 700 Ml,240000,216914,100,Buchanans Master X 700 Ml,Whiskey,5000196003774,products/images/5000196003774.webp
Buchanans Two Souls x 750 Ml,250000,222346,100,Buchanans Two Soulsx 750 Ml,Whiskey,5000196006539,products/images/5000196006539.webp
Buchanas Malts Edition,380000,362500,100,Buchanas Malts Edition,Whiskey,5000196006027,products/images/5000196006027.webp
Budweiser Sixpac X Lata 269 Ml,20000,20000,100,Budweiser Sixpac X Lata 269 Ml,Cerveza,7702004110619,products/images/7702004110619.webp
Cachaza 61 Emi 970 Ml,88200,77170,100,Cachaza 61 Emi 970 Ml,Cachaza,7896547500034,products/images/7896547500034.webp
Casillero Del Diablo Cabernet Sauvx 750 Ml,93000,84312,100,Casillero Del Diablo Cabernet Sauvx 750 Ml,Vino,7804320303178,products/images/7804320303178.webp
Casillero Del Diablo Carmenere X 750 Ml,93000,84312,100,Casillero Del Diablo Carmenere X 750 Ml,Vino,7804320087016,products/images/7804320087016.webp
Casillero Del Diablo Merlot X 750 Ml,93000,84312,100,Casillero Del Diablo Merlot X 750 Ml,Vino,7804320985633,products/images/7804320985633.webp
Cata Tinto Tetrapack X 1000 Ml,27504,27504,99,Cata Tinto Tetrapack X 1000 Ml,Vino,7703518503874,products/images/7703518503874.webp
Cerveza Cusqueña Trigo Six Pack,70000,70000,100,Cerveza Cusqueña Trigo Six Pack,Cerveza Importada,7753749009119,products/images/7753749009119.webp
Cerveza de Arandanos (Bruder),15500,15000,498,"Cerveza artesanal de estilo Fruit Beer, conocida por su sabor refrescante, ligeramente ácido y dulce.",Cerveza,,https://cdn.expressapp.net/p/bruder-arandanos.webp
Cerveza Erdinger Dunkel X 330 Botella,20000,20000,100,Cerveza Erdinger Dunkel X 330 Botella,Cerveza Importada,4002103284574,products/images/4002103284574.webp
Cerveza Erdinger Dunkel X 500,20000,20000,100,Cerveza Erdinger Dunkel X 500,Cerveza Importada,4002103248651,products/images/4002103248651.webp
Cerveza Erdinger Weisbbier Botella 330,20000,20000,99,Cerveza Erdinger Weisbbier Botella 330,Cerveza Importada,4002103248231,products/images/4002103248231.webp
Cerveza Sol X 269 Six Pac,20000,20000,100,Cerveza Sol X 269 Six Pac,Cerveza,7707430876078,products/images/7707430876078.webp
Chivas 18 Años X 700 Ml,480000,441311,100,Chivas 18 Años X 700 Ml,Whiskey,5000299225004,products/images/5000299225004.webp
Chivas Extra X 1000 Ml,260000,230374,100,Chivas Extra X 1000 Ml,Whiskey,5000299611210,products/images/5000299611210.webp
Chivas Extra X 750 Ml,199000,180750,100,Chivas Extra X 750 Ml,Whiskey,5000299611104,products/images/5000299611104.webp
Chivas Regal 12 Años X 1000 Ml,230000,205625,100,Chivas Regal 12 Años X 1000 Ml,Whiskey,80432400432,products/images/80432400432.webp
Chivas Regal 12 Años X 1750Ml,340000,293750,100,Chivas Regal 12 Años X 1750Ml,Whiskey,80432400463,products/images/80432400463.webp
Chivas Regal 12 Años X 700 Ml,180000,162668,99,Chivas Regal 12 Años X 700 Ml,Whiskey,80432402931,products/images/80432402931.webp
Cinco Estrellas X 750 Ml,66800,64641,100,Cinco Estrellas X 750 Ml,Brandy,7703518855508,products/images/7703518855508.webp
Club Colombia Dorada Six Pac,24000,24000,99,Club Colombia Dorada Six Pac,Cerveza,7702004003539,products/images/7702004003539.webp
Club Colombia Negra Six Pac,24000,24000,100,Club Colombia Negra Six Pac,Cerveza,7702004003782,products/images/7702004003782.webp
Club Colombia Roja Six Pac,24000,24000,100,Club Colombia Roja Six Pac,Cerveza,7702004003638,products/images/7702004003638.webp
Club Colombia Trigo Sixpac,24000,24000,100,Club Colombia Trigo Sixpac,Cerveza,7702004006769,products/images/7702004006769.webp
Cola Y Pola Sixpac X 330 Ml,18000,18000,100,Cola Y Pola Sixpac X 330 Ml,Cerveza,7702004016621,products/images/7702004016621.webp
Combo Paga 2 Lleva 3,8000,8000,100,Combo Aguila,Combo,,https://cdn.expressapp.net/p/paga2x3.webp
Concha Y Toro Reservado Cabernet,43000,37530,100,Concha Y Toro Reservado Cabernet,Vino,7804320116846,products/images/7804320116846.webp
Concha Y Toro Reservado Carmenere,43000,37530,100,Concha Y Toro Reservado Carmenere,Vino,7804320116921,products/images/7804320116921.webp
Concha Y Toro Reservado Ros,45000,37265,100,Concha Y Toro Reservado Ros,Vino Rosado,7804320116952,products/images/7804320116952.webp
Concha Y Toro Reservado Sauvignon Blac,50000,44290,100,Concha Y Toro Reservado Sauvignon Blac,Vino Blanco,7804320116815,products/images/7804320116815.webp
Corona Botella Sixpac X 330,28000,28000,100,Corona Botella Sixpac X 330,Cerveza,7702004110732,products/images/7702004110732.webp
Corona Extra En Lata Sixpac,25000,25000,100,Corona Extra En Lata Sixpac,Cerveza,7702004111050,products/images/7702004111050.webp
Coronita Six Pac,22000,22000,100,Coronita Six Pac,Cerveza,7702004110725,products/images/7702004110725.webp
Costena Bacana Six Pac,19000,19000,100,Costena Bacana Six Pac,Cerveza,7702004004925,products/images/7702004004925.webp
Cruzares Vino Rosado X 700 Ml,25000,22570,100,Cruzares Vino Rosado X 700 Ml,Vino Rosado,8410702040730,products/images/8410702040730.webp
Cruzares Vino Tinto X 700 Ml,29000,25000,100,Cruzares Vino Tinto X 700 Ml,Vino,8410702032933,products/images/8410702032933.webp
Czechvar Original Botella X 330 Ml,13000,13000,100,Czechvar Original Botella X 330 Ml,Cerveza Importada,8594403708370,products/images/8594403708370.webp
Don Julio Añejo Reserva,359464,359464,0,Tequila Don Julio añejo Reserva,Tequila,5000281062785,products/images/5000281062785.webp
Dubonet X 700 Ml,89000,83488,100,Dubonet X 700 Ml,Vino Dulce,3163933575001,products/images/3163933575001.webp
Embajador Cabernet Sauvignon X 700 Ml,25000,22214,100,Embajador Cabernet Sauvignon X 700 Ml,Vino,7703518804131,products/images/7703518804131.webp
Embajador Merlot X 700 Ml,25000,22214,100,Embajador Merlot X 700 Ml,Vino,7703518450987,products/images/7703518450987.webp
Embajador Vino Tinto X 700 Ml,26300,26300,100,Embajador Vino Tinto X 700 Ml,Vino,7703518765661,products/images/7703518765661.webp
Espuma De Prata Blanco Peterlongo X 700 Ml,59000,55001,100,Espuma De Prata Blanco Peterlongo X 700 Ml,Vino Espumoso,7896097722016,products/images/7896097722016.webp
Espuma De Prata X 2.5 Lt Blanco Peterlongo,168000,156720,100,Espuma De Prata X 2.5 Lt Blanco Peterlongo,Vino Espumoso,7896097722078,products/images/7896097722078.webp
Faustino Vii Tempranillo 2017 X 700 Ml,133000,126250,100,Faustino Vii Tempranillo 2017 X 700 Ml,Vino,8410441211002,products/images/8410441211002.webp
Finca Las Moras Barrel Select Malbec,93000,83430,100,Finca Las Moras Barrel Select Malbec,Vino,7791540047596,products/images/7791540047596.webp
Finca Las Moras Bonarda X 700 Ml,69000,60094,100,Finca Las Moras Bonarda X 700 Ml,Vino,7791540127175,products/images/7791540127175.webp
Finca Las Moras Cabernet Sauvignon X 700 Ml,69000,60094,100,Finca Las Moras Cabernet Sauvignon X 700 Ml,Vino,7791540127106,products/images/7791540127106.webp
Finca Las Moras Chardonnay,83429,83429,1,Vino Blanco Argentino Chardonnay,Vino,7791540127090,products/images/7791540127090.webp
Finca Las Moras Malbec X 700 Ml,69000,60094,100,Finca Las Moras Malbec X 700 Ml,Vino,7791540127168,products/images/7791540127168.webp
Frizzantino Brut,35000,29249,100,Frizzantino Brut,Vino Espumoso,3500610133534,products/images/3500610133534.webp
Frizzantino Rosado X 700 Ml,35000,29249,100,Frizzantino Rosado X 700 Ml,Vino Espumoso,3500610133527,products/images/3500610133527.webp
Frontera Cabernet,60000,54286,100,Frontera Cabernet,Vino,7804320559001,products/images/7804320559001.webp
Frontera Carmenere,60000,54286,100,Frontera Carmenere,Vino,7804320135854,products/images/7804320135854.webp
Frontera Malbec,60000,54286,99,Frontera Malbec,Vino,7798039596528,products/images/7798039596528.webp
Frontera Merlot,60000,54286,100,Frontera Merlot,Vino,7804320706009,products/images/7804320706009.webp
Gato Negro 9 Lives Reserva Sauvignon Blanc X 750,85000,75214,100,Gato Negro 9 Lives Reserva Sauvignon Blanc X 750,Vino Blanco,7804300139247,products/images/7804300139247.webp
Gato Negro 9 Vidas Cabernet Sauvignon X 700 Ml,82000,75226,100,Gato Negro 9 Vidas Cabernet Sauvignon X 700 Ml,Vino,7804300139230,products/images/7804300139230.webp
Gato Negro Blanco Dulce X 700 Ml,45000,38913,100,Gato Negro Blanco Dulce X 700 Ml,Vino Blanco,7804300157739,products/images/7804300157739.webp
Gato Negro Cabernet Merlot X 700 Ml,58000,53714,100,Gato Negro Cabernet Merlot X 700 Ml,Vino,7804300120214,products/images/7804300120214.webp
Gato Negro Cabernet Sauvignon X 700 Ml,58000,53714,100,Gato Negro Cabernet Sauvignon X 700 Ml,Vino,7804300010638,products/images/7804300010638.webp
Gato Negro Malbec X 700 Ml,58000,53714,100,Gato Negro Malbec X 700 Ml,Vino,7798081661939,products/images/7798081661939.webp
Gato Negro Merlot X 700 Ml,58000,53714,100,Gato Negro Merlot X 700 Ml,Vino,7804300120603,products/images/7804300120603.webp
Gato Negro Merlot x 750ml,53714,53714,97,Merlot,Vino,,https://cdn.expressapp.net/p/gato-negro-merlot.webp
Gato Negro Rosado Dulce X 700,48000,40150,100,Gato Negro Rosado Dulce X 700,Vino Rosado,7804300157715,products/images/7804300157715.webp
Gato Negro Semisweet Red X 700 Ml,55000,50808,100,Gato Negro Semisweet Red X 700 Ml,Vino Dulce,7804300136895,products/images/7804300136895.webp
Ginger Beer Mil 976 X 4,30500,30500,100,Ginger Beer Mil 976 X 4,Agua Tonica,7703562109862,products/images/7703562109862.webp
Glenfiddich 12 Anos 700Ml,275000,254158,100,Glenfiddich 12 Anos 700Ml,Whiskey,5010327000176,products/images/5010327000176.webp
Glenfiddich 15 Años X 700 Ml,440000,383000,100,Glenfiddich 15 Años X 700 Ml,Whiskey,5010327325125,products/images/5010327325125.webp
Gordons Gin x 700 ml,95000,86495,8,"La nota característica de Gordon's London Dry Gin es su sabor refrescante, que proviene de la cuidadosa selección",Ginebra,5000289925440,products/images/5000289925440.webp
Gordons x 1.5 lts,175000,157768,10,Gordons x 1.5 lts,Ginebra,,products/images/5000289932196.webp
Gran Brindis X 700 Ml Brandy,57600,53463,100,Gran Brindis X 700 Ml Brandy,Brandy,7702356510013,products/images/7702356510013.webp
Grants X 700 Ml,88000,81820,100,Grants X 700 Ml,Whiskey,5010327000046,products/images/5010327000046.webp
Heineken Botella 250 Ml Six Pac,19000,19000,100,Heineken Botella 250 Ml Six Pac,Cerveza,7702090052008,products/images/7702090052008.webp
Heineken Lata X 255 Ml Six Pac,25000,25000,100,Heineken Lata X 255 Ml Six Pac,Cerveza,7702090052046,products/images/7702090052046.webp
Heineken Sixpac + Arroz Roa gratis,19000,19000,16,Combo Cerveza Heineken Six lleva gratis Arroz Roa x 500 gr,Combo,,https://cdn.expressapp.net/p/heineken-arroz.webp
Howard Licor de Ginebra x 700 ml,85000,78267,10,Howard Licor de Ginebra x 700 ml,Ginebra,7702559120033,products/images/7702559120033.webp
Imanes Villa Iglesia,8000,8000,97,Iman de Villa de Leyva con esquema iglesia,Artesanias,,https://cdn.expressapp.net/p/iman-villa.webp
Innis & Gunn The Original,23000,23000,100,Innis & Gunn The Original,Cerveza Importada,5010327658544,products/images/5010327658544.webp
Isabella Vitis Lambrusco,44000,38263,100,Isabella Vitis Lambrusco,Vino Lambrusco,7702450022450,products/images/7702450022450.webp
Jack Daniels Fire X 700 Ml (Cinnamon),175000,163438,100,Jack Daniels Fire X 700 Ml (Cinnamon),Whiskey,82184001172,products/images/82184001172.webp
Jack Daniels Green Apple X 700 Ml,175000,163438,100,Jack Daniels Green Apple X 700 Ml,Whiskey,5099873017623,products/images/5099873017623.webp
Jack Daniels Honey X 375 Ml,95000,86680,100,Jack Daniels Honey X 375 Ml,Whiskey,82184001363,products/images/82184001363.webp
Jack Daniels Honey X 700 Ml,175000,163438,100,Jack Daniels Honey X 700 Ml,Whiskey,82184000335,products/images/82184000335.webp
Jack Daniels N 7 Tennessee X 700 Ml,175000,163438,100,Jack Daniels N 7 Tennessee X 700 Ml,Whiskey,82184090473,products/images/82184090473.webp
Jack Daniels No 7 Whiskey X 700 Ml Tenness,175000,163438,100,Jack Daniels No 7 Whiskey X 700 Ml Tenness,Whiskey,82184090466,products/images/82184090466.webp
Jack Daniels Whiskey X 375 Ml Tennessee,95000,86680,99,Jack Daniels Whiskey X 375 Ml Tennessee,Whiskey,82184090510,products/images/82184090510.webp
Jagermeister Coolpack X 350 Ml,108000,100196,100,Jagermeister Coolpack X 350 Ml,Whiskey,4067700023674,products/images/4067700023674.webp
Jagermeister X 350 Ml,95000,86650,100,Jagermeister X 350 Ml,Whiskey,4067700017253,products/images/4067700017253.webp
Jagermeister X 700 Ml,155000,140033,100,Jagermeister X 700 Ml,Whiskey,4067700015419,products/images/4067700015419.webp
Jameson X 700 Ml,155000,142501,100,Jameson X 700 Ml,Whiskey,5011007003005,products/images/5011007003005.webp
Johnnie Walker 18 Años X 750 Ml,530000,482500,100,Johnnie Walker 18 Años X 750 Ml,Whiskey,5000267165806,products/images/5000267165806.webp
Johnnie Walker Black Label (Sello Negro) X 700 Ml,183000,170274,100,Johnnie Walker Black Label (Sello Negro) X 700 Ml,Whiskey,5000267024233,products/images/5000267024233.webp
Johnnie Walker Double Black Label X 700,230000,212050,100,Johnnie Walker Double Black Label X 700,Whiskey,5000267116426,products/images/5000267116426.webp
Johnnie Walker Red Label (Sello Rojo) X 1000 Ml,116000,105631,100,Johnnie Walker Red Label (Sello Rojo) X 1000 Ml,Whiskey,5000267013602,products/images/5000267013602.webp
Johnnie Walker Red Label (Sello Rojo) X 700 Ml,85000,81435,100,Johnnie Walker Red Label (Sello Rojo) X 700 Ml,Whiskey,5000267014203,products/images/5000267014203.webp
Jp Chenet Chardonay,95000,84164,100,Jp Chenet Chardonay,Vino,3500610135736,products/images/3500610135736.webp
Jp Chenet Espumoso Morado X 700 Ml Fashion Cassis,78000,70713,100,Jp Chenet Espumoso Morado X 700 Ml Fashion Cassis,Vino Espumoso,3500610057137,products/images/3500610057137.webp
Jp Chenet Espumoso Rojo X 700 Ml,78000,70713,100,Jp Chenet Espumoso Rojo X 700 Ml,Vino Espumoso,3500610102493,products/images/3500610102493.webp
Jp Chenet Espumoso Rosado X 700 Ml,78000,70713,100,Jp Chenet Espumoso Rosado X 700 Ml,Vino Espumoso,3500610093708,products/images/3500610093708.webp
Juan Valdez Cafe Frio,5000,5000,97,Juan Valdez Cafe Frio,Bebidas No Alcoholicas,7701362003014,products/images/7701362003014.webp
Lambrusco Rosato Cantina Di Sorbara,58000,51446,100,Lambrusco Rosato Cantina Di Sorbara,Vino Lambrusco,8028338990864,products/images/8028338990864.webp
La Piuma Lambrusco Amabile,45000,31250,100,La Piuma Lambrusco Amabile,Vino Lambrusco,8056457511042,products/images/8056457511042.webp
Leche Proleche Polvo x 200 gr,10000,10000,95,Dispensa,Dispensa,,products/images/7702130111009.webp
Leyenda Red Blend,57000,49044,100,Leyenda Red Blend,Vino,7804449016072,products/images/7804449016072.webp
Licor de Cafe Sello Dorado 15°,45000,38554,10,Licor de Cafe Sello Dorado 15°,Licores,,products/images/7707113815783.webp
Lider Azul Pet X 750 Ml,55700,53442,100,Lider Azul Pet X 750 Ml,Aguardiente,7706434119754,products/images/7706434119754.webp
Lider X 375 Ml Azul,35000,33633,100,Lider X 375 Ml Azul,Aguardiente,7706434112373,products/images/7706434112373.webp
Lider X 700 Ml Azul,62000,61371,100,Lider X 700 Ml Azul,Aguardiente,7706434112755,products/images/7706434112755.webp
Lider X 700 Ml Verde,53000,53658,99,Lider X 700Ml Verde,Aguardiente,7706434115756,products/images/7706434115756.webp
Macallan 12 Anos Double Cask X 700 Ml,550000,498823,100,Macallan 12 Anos Double Cask X 700 Ml,Whiskey,5010314302863,products/images/5010314302863.webp
Manischewitz X 700 Ml,73000,66845,100,Manischewitz X 700 Ml,Vino Dulce,85976033931,products/images/85976033931.webp
Marques De Villa Cabernet Sauv Reserva,170000,160714,100,Marques De Villa Cabernet Sauv Reserva,Vino,7707294090030,products/images/7707294090030.webp
Marques De Villa Cabernet Sauv Rosado,175000,167856,100,Marques De Villa Cabernet Sauv Rosado,Vino Rosado,7497294090153,products/images/7497294090153.webp
Marques De Villa De Leyva Cabernet Gran Reserva X 375 Mls,90000,80625,100,Marques De Villa De Leyva Cabernet Gran Reserva X 375 Mls,Vino,7707294090177,products/images/7707294090177.webp
Marques De Villa De Leyva Cabernet Reserv Especial X 375,90000,80625,100,Marques De Villa De Leyva Cabernet Reserv Especial X 375,Vino,7707294090184,products/images/7707294090184.webp
Monterio Rosado X 700 Ml Tempranillo,55000,50036,99,Monterio Rosado X 700 Ml Tempranillo,Vino Rosado,8412048952074,products/images/8412048952074.webp
Old Parr 12 Años X 1000 Ml,230000,206504,100,Old Parr 12 Años X 1000 Ml,Whiskey,5000281004020,products/images/5000281004020.webp
Old Parr 12 Años X 500 Ml,128000,118584,100,Old Parr 12 Años X 500 Ml,Whiskey,5000281005034,products/images/5000281005034.webp
Old Parr 12 Años X 700 Ml,180000,164314,99,Old Parr 12 Años X 700 Ml,Whiskey,5000281003160,products/images/5000281003160.webp
Old Parr 18 Años,438000,408759,100,Old Parr 18 Años,Whiskey,5000281055084,products/images/5000281055084.webp
Onix Amarillo,59937,59937,95,Onix Amarillo,Aguardiente,7706434123751,products/images/7706434123751.webp
Onix Sello Negro Envejecido X 750 Ml,110300,112689,99,Onix Sello Negro Envejecido X 750 Ml,Aguardiente,7706434128756,products/images/7706434128756.webp
Onix Tapa Gris x 375 ml,42000,36801,10,Onix Tapa Gris x 375 ml,Aguardiente,https://cdn.expressapp.net/products/images/3.webp,https://cdn.expressapp.net/products/images/3.webp
Onix Tapa Gris x 750 ml,69000,61223,10,Onix Tapa Gris x 750 ml,Aguardiente,7706434122754,products/images/7706434122754_.webp
Onix Tapa Negra X 700 Ml ,58200,57633,99,Onix X 700 Ml Tapa Negra,Aguardiente,7706434127599,products/images/7706434127599.webp
Passport Scoth X 1000 Ml,88000,83563,100,Passport Scoth X 1000 Ml,Whiskey,5000299210079,products/images/5000299210079.webp
Passport Scoth X 500 Ml,53000,47500,100,Passport Scoth X 500 Ml,Whiskey,5000299210475,products/images/5000299210475.webp
Passport Scoth X 750 Ml,71000,63124,99,Passport Scoth X 750 Ml,Whiskey,5000299210048,products/images/5000299210048.webp
Pata Negra Tempranillo Reserva X 700 Ml,70000,63319,100,Pata Negra Tempranillo Reserva X 700 Ml,Vino,8410415370728,products/images/8410415370728.webp
Perruanas,45000,45000,96,Las mejores ruanas para tu perro,Artesanias,1234567890,https://cdn.expressapp.net/p/perruanas.webp
Pinta Negra Vino Blanco,35000,31250,100,Pinta Negra Vino Blanco,Vino Blanco,5600209865148,products/images/5600209865148.webp
Poker Six Pack X 330,22000,22000,100,Poker Six Pack X 330,Cerveza,7702004007377,products/images/7702004007377.webp
Portia Crianza,195000,173430,100,Portia Crianza,Vino,8436035772315,products/images/8436035772315.webp
Portia Roble X 700 Ml,155000,141668,100,Portia Roble X 700 Ml,Vino,8436035772841,products/images/8436035772841.webp
Prosecco Piccini Extra Dry X 700 Ml,126000,119000,100,Prosecco Piccini Extra Dry X 700 Ml,Vino Proseco,8002793014334,products/images/8002793014334.webp
Protos Roble 2020,135000,124500,100,Protos Roble 2020,Vino,8420342002012,products/images/8420342002012.webp
Redds X 269 Six Pac,20000,20000,100,Redds X 269 Six Pac,Cerveza,7702004011190,products/images/7702004011190.webp
Ron Boyacá x 375 ml,38000,33024,10,Ron Boyacá x 375 ml,Ron,7706434153796,products/images/2.webp
Ron Caldas Blanco x 700 ml,65000,59755,10,Ron Caldas Blanco x 700 ml,Ron,,products/images/7702168997156.webp
Ron Caldas Tradicional x 700 ml,63825,63825,100,Ron Caldas Tradicional x 3 años x 700 ml,Ron,7702168217308,products/images/7702168214000.webp
Ron Caldas x 375 ml,36250,36250,10,Ron Caldas 3 años tradicional x 375 ml,Ron,7702168214000,products/images/7702168214000.webp
Ron Zacapa 23,330000,313000,0,Ron Zacapa 23 años,Ron,7401005008580,products/images/7401005008580.webp
Rosaleda Cabernet X 700 Ml,30000,24425,100,Rosaleda Cabernet X 700 Ml,Vino,7804436720791,products/images/7804436720791.webp
Rosaleda Rose,30000,24913,100,Rosaleda Rose,Vino Rosado,7804436721057,products/images/7804436721057.webp
Rosaleda Sauvignon Blanco,30000,24408,100,Rosaleda Sauvignon Blanco,Vino Blanco,7804436720807,products/images/7804436720807.webp
Sanson Coffee X 750 Ml,35000,32877,100,Sanson Coffee X 750 Ml,Vino Dulce,7703588000389,products/images/7703588000389.webp
Sanson X 750 Ml Compuesto,35000,32877,100,Sanson X 750 Ml Compuesto,Vino Dulce,7703588003304,products/images/7703588003304.webp
Sanson X 750 Ml Maestro,35000,32877,100,Sanson X 750 Ml Maestro,Vino Dulce,7703588000495,products/images/7703588000495.webp
Santa Carolina Reservado Blanco X 700 Ml,57000,52054,100,Santa Carolina Reservado Blanco X 700 Ml,Vino Blanco,7804350004625,products/images/7804350004625.webp
Santa Carolina Reservado Rosado X 700 Ml,59000,53588,100,Santa Carolina Reservado Rosado X 700 Ml,Vino Rosado,7804350596243,products/images/7804350596243.webp
Santiago 1541 Demisec Espumeante,63000,58040,100,Santiago 1541 Demisec Espumeante,Vino Espumoso,7804315010340,products/images/7804315010340.webp
Sazon Blanco,24000,21250,100,Sazon Blanco,Vino Blanco,7703588001546,products/images/7703588001546.webp
Something Special X 1000 Ml,115000,106740,100,Something Special X 1000 Ml,Whiskey,80432402771,products/images/80432402771.webp
Something Special X 750 Ml,88000,82625,100,Something Special X 750 Ml,Whiskey,80432402795,products/images/80432402795.webp
Stella Artois Six Pack Lata 269,25000,25000,98,Stella Artois Six Pack Lata 269,Cerveza,7702004010582,products/images/7702004010582.webp
Stella Six Pac Botella 330,28000,28000,100,Stella Six Pac Botella 330,Cerveza,7501064199158,products/images/7501064199158.webp
Tanqueray London Dry Gin x 700 ml,185000,172025,9,"El resultado es un licor perfectamente equilibrado, muy infusionado de hierbas y con un final seco",Ginebra,,products/images/5000281015248.webp
Tequila Centenario Plata x 700 ml,135000,121423,10,Tequila Centenario Plata x 700 ml,Tequila,7501048810307,products/images/7501048810307.webp
Tequila Don Julio 70 Cristalino,434889,434889,5,Tequila Don Julio 70 Cristalino,Tequila,5000281056265,products/images/5000281056265.webp
Tequila Don Julio Blanco,256206,256206,9,Tequila Don Julio Blanco,Tequila,5000281060668,products/images/5000281060668.webp
Tequila Don Julio Reposado,318564,318564,4,Tequila Don Julio Reposado,Tequila,5000281062808,products/images/5000281062808.webp
Tequila Jimador Reposado x 375 ml,82791,82791,100,Tequila de Agave Jimador x 375 ml,Tequila,744607002318,products/images/744607002318.webp
Tequila Jimador Reposado x 700 ml,136924,136924,10,Tequila de Agave Jimador,Tequila,744607049108,products/images/744607049108.webp
Tequila Olmeca x 1000 ml,135000,123561,10,Tequila Olmeca x 1000 ml,Tequila,80432402207,https://cdn.expressapp.net/products/images/80432402207_.webp
Tequila Tres Caballos Silver Litro,143000,131251,10,Tequila Tres Caballos Silver Litro,Tequila,,products/images/759380113274.webp
The Famous Grouse,105000,98310,97,The Famous Grouse,Whiskey,5010314700003,products/images/5010314700003.webp
The Glenlivet Founder Reserve X 700 Ml,240000,200686,97,The Glenlivet Founder Reserve X 700 Ml,Whiskey,5000299609347,products/images/5000299609347.webp
The Glenliveth 12 Años Double Oak Verde,249000,221250,95,The Glenliveth 12 Años Double Oak Verde,Whiskey,80432402825,products/images/80432402825.webp
The Singleton 15 Años Dufftown,410000,356610,97,The Singleton 15 Años Dufftown,Whiskey,5000281026626,products/images/5000281026626.webp
The Singleton Dufftown X 700 Ml,220000,195990,98,The Singleton Dufftown X 700 Ml,Whiskey,5000281021621,products/images/5000281021621.webp
Tres Cordilleras Blanca,7500,7500,100,Tres Cordilleras Blanca,Cerveza Artesanal,7707361120028,products/images/7707361120028.webp
Tres Cordilleras Mestiza,7500,7500,100,Tres Cordilleras Mestiza,Cerveza Artesanal,7707361120035,products/images/7707361120035.webp
Tres Cordilleras Negra,7500,7500,100,Tres Cordilleras Negra,Cerveza Artesanal,7707361120196,products/images/7707361120196.webp
Tres Cordilleras Rosada Lata X 269 Ml Six Pack,7500,7500,100,Tres Cordilleras Rosada Lata X 269 Ml Six Pack,Cerveza Artesanal,7707430873978,products/images/7707430873978.webp
Tres Medallas Rose,59000,53563,100,Tres Medallas Rose,Vino Rosado,7804330007653,products/images/7804330007653.webp
Vaso de Whiskey,20000,20000,300,vaso de Whiskey de Cristal,Cristaleria,,products/images/1212222555.webp
Vino 18 Merlot X 750 Ml,35000,28619,100,Vino 18 Merlot X 750 Ml,Vino,7808765722822,products/images/7808765722822.webp
Vino Blanco Mioneto Prosecco Treviso Brut X 200 Ml,35000,31358,100,Vino Blanco Mioneto Prosecco Treviso Brut X 200 Ml,Vino Proseco,816253010310,products/images/816253010310.webp
Vino Carinoso De Manzana,25000,21250,100,Vino Carinoso De Manzana,Vino Dulce,7703588000112,products/images/7703588000112.webp
Vino Carinoso Manzana Rose,25000,21250,100,Vino Carinoso Manzana Rose,Vino Dulce,7703588001201,products/images/7703588001201.webp
Vino Cariñoso Tinto De Verano,25000,21250,100,Vino Cariñoso Tinto De Verano,Vino,7703588001041,products/images/7703588001041.webp
Vino Estoril Dulce,39000,34725,100,Vino Estoril Dulce,Vino Dulce,7702450025017,products/images/7702450025017.webp
Vino Gato Negro Breeze,35000,31250,100,Vino Gato Negro Breeze,Vino Blanco,7804300143695,products/images/7804300143695.webp
Vino Lambrusco Dulce Dolce Sweet Rosato Cleto Chiarli,64000,58125,100,Vino Lambrusco Dulce Dolce Sweet Rosato Cleto Chiarli,Vino Rosado,8003325602128,products/images/8003325602128.webp
Vino Mirador Sauvignon Blanco,47000,40376,100,Vino Mirador Sauvignon Blanco,Vino Blanco,7809625501861,products/images/7809625501861.webp
Vino Moscatel Casa Grajales 750 Cc,29000,25174,100,Vino Moscatel Casa Grajales 750 Cc,Vino Dulce,7702121214139,products/images/7702121214139.webp
Vino Moscatel La Merced 750 Cc,20000,16250,100,Vino Moscatel La Merced 750 Cc,Vino Dulce,7702454001130,products/images/7702454001130.webp
Vino Prosecco Mionetto Blanco Treviso Brut,105000,93700,100,Vino Prosecco Mionetto Blanco Treviso Brut,Vino Proseco,727760501638,products/images/727760501638.webp
Vino Vientos Del Sur Rose Sirah,39000,35218,100,Vino Vientos Del Sur Rose Sirah,Vino Rosado,7804321093566,products/images/7804321093566.webp
Vodka Smirnoff Original x 700 ml,119000,102813,10,Vodka Smirnoff Original x 700 ml,Vodka,,products/images/5410316942775.webp
Whiskey Monkey Shoulder 700 Cc,220000,191346,82,Whiskey Monkey Shoulder 700 Cc,Whiskey,5010327105215,products/images/5010327105215.webp
Whiskey + Vaso,180000,180000,100,promo,Combo,,https://cdn.expressapp.net/p/regalo-whiskey-vaso.webp
Whisky Escoces Duggans Dew X 700 Ml,70000,64806,87,Whisky Escoces Duggans Dew X 700 Ml,Whiskey,7703518151396,products/images/7703518151396.webp
